性別,年齡,職業,月收入,婚姻狀況,星座,居住地,您最常購買的商品類別,您最常使用的功能,您多久消費一次,您平均每次在蝦皮購物消費的金額,您最常使用蝦皮購物的時段,您平均一天使用蝦皮購物的時間,您最滿意蝦皮購物的原因,填答時間,填答秒數,IP紀錄,額滿結束註記,使用者紀錄,會員時間,會員編號,自訂ID,備註
生理女,24,學生,無收入,未婚,水瓶座,台北市,女生衣著,瀏覽商品頁面,半個月～一個月,501～1000 元,18:01~21:00,1 小時（含）以下,方便,2021-06-04T03:25:31.000000Z,164,114.136.139.138,,,,,,
生理女,23,學生,"10,001～20,000元",未婚,射手座,桃園市,寵物,瀏覽商品頁面,半個月～一個月,1001～2000 元,18:01~21:00,1 小時（含）以下,方便,2021-06-04T03:47:36.000000Z,357,2401:e180:8c70:ed8f:5081:366f:e5a9:ac42,,,,,,
生理女,23,學生,"10,000元以下",單身,雙魚座,新北市,美妝保健,瀏覽商品頁面,一個月～三個月,2001～3000 元,21:01~00:00,1 小時（含）以下,方便,2021-06-04T06:18:23.000000Z,252,2401:e180:8842:f7a:49c5:1f5d:2e05:c0d0,,,,,,
生理女,20,學生,無收入,單身,摩羯座,金門縣,其他,加入購物車,三個月～六個月,501～1000 元,21:01~00:00,1 小時（含）以下,方便,2021-06-04T06:40:10.000000Z,99,2001:b400:e73b:4f55:59ce:fd65:582f:48be,,,,,,
生理男,20,學生,"10,000元以下",單身,天蠍座,台中市,書籍及文創商品,愛心按讚好物,一個月～三個月,500 元（含）以下,18:01~21:00,1 小時（含）以下,方便,2021-06-04T06:42:01.000000Z,70,116.89.128.212,,,,,,
生理男,22,學生,"10,000元以下",單身,獅子座,新北市,男生衣著,瀏覽商品頁面,一個月～三個月,501～1000 元,18:01~21:00,1 小時（含）以下,方便,2021-06-04T06:56:38.000000Z,75,112.78.70.26,,,,,,
生理女,18,學生,無收入,單身,處女座,桃園市,女生衣著,加入購物車,一個月～三個月,1001～2000 元,21:01~00:00,1 小時（含）以下,方便,2021-06-04T07:00:47.000000Z,62,2001:b400:e30f:8c90:d963:cf74:510:24de,,,,,,
生理女,18,學生,無收入,單身,金牛座,台南市,美妝保健,加入購物車,一個月～三個月,500 元（含）以下,18:01~21:00,1 小時（含）以下,方便,2021-06-04T07:05:46.000000Z,100,2001:b400:e7d0:5788:b21d:60cb:589d:7928,,,,,,
生理男,23,學生,"10,001～20,000元",單身,處女座,台北市,男生衣著,愛心按讚好物,半個月～一個月,1001～2000 元,21:01~00:00,1 小時（含）以下,方便,2021-06-04T07:08:32.000000Z,76,2402:7500:579:ef0e:8f7:4191:1a6b:f0c3,,,,,,
生理男,18,學生,無收入,單身,牧羊座,台南市,男生衣著,加入購物車,一個月～三個月,500 元（含）以下,18:01~21:00,1 小時（含）以下,方便,2021-06-04T07:09:46.000000Z,69,111.255.44.97,,,,,,
生理女,22,學生,"10,000元以下",未婚,雙子座,新北市,女生衣著,瀏覽商品頁面,一個月～三個月,501～1000 元,21:01~00:00,1 小時（含）以下,方便,2021-06-04T07:09:57.000000Z,143,2001:b400:e3a3:3a8e:b035:867e:a7af:609b,,,,,,
生理女,21,學生,"10,001～20,000元",未婚,水瓶座,新北市,女生衣著,加入購物車,一個月～三個月,501～1000 元,00:01~03:00,1 小時（含）以下,介面操作簡單、好上手,2021-06-04T07:11:09.000000Z,89,114.34.203.54,,,,,,
生理女,23,學生,無收入,單身,水瓶座,新北市,美妝保健,加入購物車,一個月～三個月,500 元（含）以下,21:01~00:00,1 小時（含）以下,方便,2021-06-04T07:27:18.000000Z,85,2402:7500:911:dc59:56d8:7c52:f39a:1835,,,,,,
生理女,20,學生,無收入,單身,水瓶座,彰化縣,女生衣著,加入購物車,半個月內,501～1000 元,21:01~00:00,1~2 小時（含）,方便,2021-06-04T07:31:08.000000Z,83,2402:7500:927:da95:99d6:d93e:e127:73c8,,,,,,
生理女,24,學生,"10,001～20,000元",單身,金牛座,台北市,美食、伴手禮,瀏覽商品頁面,半個月～一個月,501～1000 元,18:01~21:00,1 小時（含）以下,方便,2021-06-04T07:31:33.000000Z,60,123.194.176.115,,,,,,
生理女,25,服務業,"20,001～30,000元",未婚,雙魚座,台北市,美食、伴手禮,瀏覽商品頁面,三個月～六個月,501～1000 元,18:01~21:00,1 小時（含）以下,方便,2021-06-04T07:44:57.000000Z,78,2402:7500:4d0:4684:86c:4eb1:cb8:147e,,,,,,
生理男,23,學生,無收入,未婚,射手座,新北市,書籍及文創商品,直接購買,三個月～六個月,500 元（含）以下,15:01~18:00,1 小時（含）以下,方便,2021-06-04T07:56:28.000000Z,57,111.251.17.61,,,,,,
生理女,18,學生,無收入,單身,天蠍座,桃園市,美妝保健,瀏覽商品頁面,一個月～三個月,500 元（含）以下,15:01~18:00,1~2 小時（含）,介面操作簡單、好上手,2021-06-04T08:21:30.000000Z,80,2404:0:8029:4c72:6fe1:7b25:4786:ff1d,,,,,,
生理女,22,學生,"20,001～30,000元",單身,雙子座,台北市,美妝保健,瀏覽商品頁面,一個月～三個月,500 元（含）以下,21:01~00:00,1 小時（含）以下,方便,2021-06-04T08:37:46.000000Z,133,210.242.25.224,,,,,,
生理女,22,學生,"10,000元以下",單身,雙魚座,新北市,女生衣著,愛心按讚好物,半個月～一個月,500 元（含）以下,18:01~21:00,1~2 小時（含）,方便,2021-06-04T08:44:06.000000Z,83,2001:b011:9:7f7f:2:8116:f00c:266c,,,,,,
生理男,24,學生,"10,001～20,000元",單身,牧羊座,台北市,居家生活,瀏覽商品頁面,一個月～三個月,1001～2000 元,12:01~15:00,1 小時（含）以下,介面操作簡單、好上手,2021-06-04T08:47:36.000000Z,840,2401:e180:8850:aae4:b836:c40b:d5e:38f3,,,,,,
生理女,21,學生,"10,001～20,000元",單身,雙魚座,台北市,女生衣著,愛心按讚好物,半個月內,501～1000 元,15:01~18:00,1~2 小時（含）,方便,2021-06-04T08:53:34.000000Z,86,2401:e180:8840:bb71:e431:637:9d6b:f2dc,,,,,,
生理女,19,學生,無收入,單身,天秤座,桃園市,女生衣著,瀏覽商品頁面,一個月～三個月,501～1000 元,15:01~18:00,1 小時（含）以下,方便,2021-06-04T10:33:17.000000Z,99,2001:b400:e336:6abb:48ed:119f:e5d4:582d,,,,,,
生理男,26,學生,"10,001～20,000元",單身,天蠍座,新北市,男生衣著,瀏覽商品頁面,三個月～六個月,501～1000 元,21:01~00:00,1 小時（含）以下,方便,2021-06-04T10:44:32.000000Z,131,114.32.6.132,,,,,,
生理女,22,學生,無收入,單身,摩羯座,新北市,居家生活,瀏覽商品頁面,一個月～三個月,500 元（含）以下,18:01~21:00,1 小時（含）以下,方便,2021-06-04T11:07:03.000000Z,78,2402:7500:568:b77e::23dd:7170,,,,,,
生理女,19,學生,"10,000元以下",單身,雙魚座,桃園市,女生衣著,加入購物車,一個月～三個月,500 元（含）以下,12:01~15:00,1 小時（含）以下,省錢,2021-06-04T11:35:27.000000Z,85,2401:e180:8882:d19a:1132:4222:db29:d25c,,,,,,
生理女,31,文教機關,"30,001～40,000元",已婚,天蠍座,新北市,居家生活,瀏覽商品頁面,六個月～一年,500 元（含）以下,21:01~00:00,1 小時（含）以下,省錢,2021-06-04T11:45:57.000000Z,160,1.162.227.38,,,,,,
生理女,18,學生,無收入,單身,獅子座,桃園市,女生衣著,瀏覽商品頁面,一個月～三個月,500 元（含）以下,18:01~21:00,1 小時（含）以下,方便,2021-06-04T11:46:35.000000Z,126,2401:e180:8c90:40cb:69eb:64b9:d048:1bb5,,,,,,
生理女,24,餐旅業,"20,001～30,000元",單身,處女座,台北市,女生衣著,加入購物車,半個月內,501～1000 元,18:01~21:00,1 小時（含）以下,方便,2021-06-04T11:49:58.000000Z,491,2001:b400:e2af:a6e6:e82f:61a7:bb19:3e65,,,,,,
生理女,24,一般商業,"40,001～50,000元",單身,射手座,宜蘭縣,美妝保健,加入購物車,半個月～一個月,501～1000 元,18:01~21:00,3 個小時以上,省錢,2021-06-04T11:50:22.000000Z,109,2001:b400:e2a3:8f7c:2542:b018:1916:2c54,,,,,,
生理女,23,待業中,無收入,未婚,射手座,屏東縣,書籍及文創商品,瀏覽商品頁面,半個月～一個月,500 元（含）以下,12:01~15:00,1 小時（含）以下,省錢,2021-06-04T11:51:35.000000Z,93,2402:7500:a17:c5d:d0de:aa9:ef9a:de3e,,,,,,
生理女,24,新聞廣告業,"20,001～30,000元",單身,天蠍座,新北市,女生配件,加入購物車,半個月內,501～1000 元,21:01~00:00,1 小時（含）以下,省錢,2021-06-04T11:52:34.000000Z,71,2001:b011:3815:735b:39ff:cdbf:3488:c44c,,,,,,
生理女,22,學生,無收入,未婚,處女座,新北市,居家生活,瀏覽商品頁面,半個月～一個月,500 元（含）以下,18:01~21:00,1 小時（含）以下,方便,2021-06-04T11:55:57.000000Z,117,2001:b400:e276:ed4:35be:9f2:703b:672e,,,,,,
生理女,23,待業中,無收入,單身,天秤座,金門縣,女生衣著,瀏覽商品頁面,半個月內,501～1000 元,18:01~21:00,1 小時（含）以下,方便,2021-06-04T11:56:42.000000Z,87,2001:b400:e7db:50d2:5840:373d:18b6:40e0,,,,,,
生理女,23,學生,"10,000元以下",未婚,天秤座,新北市,女生衣著,愛心按讚好物,三個月～六個月,500 元（含）以下,09:01~12:00,1 小時（含）以下,省錢,2021-06-04T11:57:19.000000Z,77,2001:b011:200e:1050:b454:395b:40fc:2b35,,,,,,
生理男,25,待業中,"20,001～30,000元",單身,金牛座,新北市,居家生活,瀏覽商品頁面,一個月～三個月,501～1000 元,21:01~00:00,1 小時（含）以下,介面操作簡單、好上手,2021-06-04T11:57:59.000000Z,155,59.124.104.221,,,,,,
生理女,23,一般商業,"30,001～40,000元",單身,處女座,桃園市,女生衣著,加入購物車,半個月～一個月,501～1000 元,21:01~00:00,1~2 小時（含）,省時,2021-06-04T12:01:29.000000Z,112,36.228.46.197,,,,,,
生理男,24,學生,無收入,單身,雙魚座,新北市,男生衣著,瀏覽商品頁面,一個月～三個月,501～1000 元,18:01~21:00,1 小時（含）以下,介面操作簡單、好上手,2021-06-04T12:02:41.000000Z,89,118.167.40.44,,,,,,
生理女,23,學生,"10,000元以下",單身,金牛座,新北市,女生衣著,加入購物車,一星期內,501～1000 元,21:01~00:00,1 小時（含）以下,省錢,2021-06-04T12:06:07.000000Z,182,2401:e180:8842:7ca6:29f4:660e:e654:4949,,,,,,
生理女,23,新聞廣告業,"30,001～40,000元",單身,處女座,台北市,女生衣著,瀏覽商品頁面,一年以上,501～1000 元,21:01~00:00,1 小時（含）以下,省錢,2021-06-04T12:07:25.000000Z,119,2001:b400:e705:bb28:6997:754e:e88a:1857,,,,,,
生理男,23,職業運動人員,"20,001～30,000元",單身,獅子座,台北市,其他,瀏覽商品頁面,一個月～三個月,1001～2000 元,15:01~18:00,1 小時（含）以下,方便,2021-06-04T12:16:31.000000Z,66,123.193.193.106,,,,,,
生理女,23,學生,無收入,單身,射手座,新北市,女生衣著,加入購物車,一個月～三個月,501～1000 元,03:01~06:00,1 小時（含）以下,方便,2021-06-04T12:21:12.000000Z,323,2001:b400:e254:9c77:b021:a1d0:d17e:e5da,,,,,,
生理女,29,學生,"10,001～20,000元",單身,射手座,新北市,女生衣著,加入購物車,一個月～三個月,501～1000 元,18:01~21:00,1 小時（含）以下,方便,2021-06-04T12:25:52.000000Z,72,114.45.104.232,,,,,,
生理女,22,學生,"10,000元以下",未婚,處女座,台中市,女生衣著,加入購物車,半個月～一個月,1001～2000 元,18:01~21:00,1~2 小時（含）,方便,2021-06-04T12:31:43.000000Z,77,2401:e180:88b2:7d61:1194:73cf:8a8d:2bbe,,,,,,
生理女,23,交通運輸業,"30,001～40,000元",單身,雙魚座,新北市,女生衣著,愛心按讚好物,一個月～三個月,1001～2000 元,21:01~00:00,1 小時（含）以下,介面操作簡單、好上手,2021-06-04T12:34:57.000000Z,101,2001:b400:e27c:6a59:d145:e1e4:c53b:b0c8,,,,,,
生理女,21,學生,無收入,單身,牧羊座,台北市,其他,加入購物車,一個月～三個月,500 元（含）以下,12:01~15:00,1 小時（含）以下,方便,2021-06-04T12:36:00.000000Z,407,36.225.2.207,,,,,,
生理女,18,學生,"10,000元以下",單身,巨蟹座,桃園市,女生衣著,加入購物車,半個月～一個月,501～1000 元,00:01~03:00,1 小時（含）以下,方便,2021-06-04T12:37:25.000000Z,72,118.161.192.136,,,,,,
生理男,22,一般商業,"20,001～30,000元",單身,獅子座,新北市,手機平板與周邊,瀏覽商品頁面,三個月～六個月,500 元（含）以下,18:01~21:00,1 小時（含）以下,方便,2021-06-04T12:40:06.000000Z,77,2401:e180:8821:1b35:c476:75ee:8281:3003,,,,,,
生理女,23,一般商業,"40,001～50,000元",單身,牧羊座,新北市,美食、伴手禮,瀏覽商品頁面,半個月～一個月,500 元（含）以下,21:01~00:00,1 小時（含）以下,方便,2021-06-04T12:40:45.000000Z,80,49.216.219.95,,,,,,
生理女,23,學生,無收入,單身,摩羯座,新北市,書籍及文創商品,瀏覽商品頁面,半個月內,500 元（含）以下,15:01~18:00,1~2 小時（含）,方便,2021-06-04T12:46:39.000000Z,59,2402:7500:56d:f07d:e164:92c5:a2d:1c64,,,,,,
生理女,23,資訊業,"30,001～40,000元",單身,雙魚座,新北市,服務、票券,瀏覽商品頁面,一個月～三個月,501～1000 元,21:01~00:00,1 小時（含）以下,方便,2021-06-04T12:53:54.000000Z,158,1.160.80.55,,,,,,
生理男,22,學生,無收入,單身,牧羊座,新北市,其他,瀏覽商品頁面,半個月～一個月,501～1000 元,06:01~09:00,1 小時（含）以下,方便,2021-06-04T12:54:44.000000Z,83,2402:7500:56d:2f4b::20ed:8b50,,,,,,
生理男,22,學生,"10,000元以下",未婚,雙子座,台北市,男生衣著,愛心按讚好物,半個月內,501～1000 元,18:01~21:00,1 小時（含）以下,省錢,2021-06-04T12:59:55.000000Z,169,2001:b400:e209:2bd1:567:cb06:f444:bb7f,,,,,,
生理男,21,學生,"10,001～20,000元",單身,雙子座,苗栗縣,男生衣著,瀏覽商品頁面,一個月～三個月,501～1000 元,18:01~21:00,1 小時（含）以下,方便,2021-06-04T13:00:52.000000Z,52,2401:e180:8881:ddd1:2d1b:48ab:8636:4d3a,,,,,,
生理男,24,學生,"10,001～20,000元",單身,射手座,新北市,寵物,加入購物車,半個月～一個月,501～1000 元,21:01~00:00,1 小時（含）以下,方便,2021-06-04T13:01:28.000000Z,88,2401:e180:8831:3036:ba5:7db1:b6b1:b9ec,,,,,,
生理女,24,待業中,無收入,單身,牧羊座,新北市,居家生活,加入購物車,一個月～三個月,501～1000 元,21:01~00:00,1 小時（含）以下,方便,2021-06-04T13:05:11.000000Z,59,2401:e180:88a1:9375:c1ff:b0b7:4933:9aa3,,,,,,
生理男,21,學生,"10,001～20,000元",單身,巨蟹座,彰化縣,男生衣著,愛心按讚好物,半個月～一個月,501～1000 元,00:01~03:00,1 小時（含）以下,方便,2021-06-04T13:05:19.000000Z,93,2401:e180:8c30:366b:c558:f8ae:65d0:5564,,,,,,
生理男,23,待業中,無收入,未婚,天秤座,新北市,男生衣著,瀏覽商品頁面,三個月～六個月,500 元（含）以下,21:01~00:00,1 小時（含）以下,方便,2021-06-04T13:06:23.000000Z,156,2001:b400:e2aa:f4c0:b399:446e:ba93:1dfb,,,,,,
生理男,23,資訊業,"30,001～40,000元",單身,摩羯座,台北市,男生衣著,加入購物車,半個月～一個月,501～1000 元,18:01~21:00,1 小時（含）以下,省錢,2021-06-04T13:07:15.000000Z,203,122.100.79.187,,,,,,
生理男,23,學生,"20,001～30,000元",單身,天秤座,桃園市,男生衣著,愛心按讚好物,一個月～三個月,1001～2000 元,21:01~00:00,1 小時（含）以下,介面操作簡單、好上手,2021-06-04T13:07:59.000000Z,77,1.200.162.213,,,,,,
生理女,24,學生,"10,001～20,000元",單身,天蠍座,桃園市,女生配件,瀏覽商品頁面,一個月～三個月,500 元（含）以下,18:01~21:00,1 小時（含）以下,方便,2021-06-04T13:08:23.000000Z,67,2001:b011:5c00:3337:f8d9:4a44:3b1c:b21c,,,,,,
生理女,24,學生,"10,000元以下",單身,雙魚座,新北市,女生衣著,瀏覽商品頁面,半個月～一個月,1001～2000 元,21:01~00:00,1 小時（含）以下,方便,2021-06-04T13:12:26.000000Z,64,2001:b400:e75b:1e0e:2cd7:633a:fe1e:bb36,,,,,,
生理女,22,學生,無收入,單身,獅子座,台北市,女生衣著,愛心按讚好物,三個月～六個月,501～1000 元,18:01~21:00,1 小時（含）以下,介面操作簡單、好上手,2021-06-04T13:15:09.000000Z,63,2001:b400:e238:57db:74eb:a379:b4f1:e420,,,,,,
生理女,24,學生,"20,001～30,000元",未婚,金牛座,台北市,女生衣著,加入購物車,一星期內,501～1000 元,18:01~21:00,1~2 小時（含）,方便,2021-06-04T13:16:22.000000Z,54,2601:445:480:b4e0:6121:a018:eab9:770b,,,,,,
生理男,22,學生,"10,000元以下",單身,獅子座,新北市,娛樂、收藏,瀏覽商品頁面,一個月～三個月,501～1000 元,18:01~21:00,1 小時（含）以下,方便,2021-06-04T13:17:44.000000Z,58,112.78.70.26,,,,,,
生理女,23,學生,"10,000元以下",未婚,雙魚座,桃園市,女生衣著,加入購物車,半個月內,501～1000 元,21:01~00:00,1 小時（含）以下,省錢,2021-06-04T13:19:30.000000Z,75,123.195.225.47,,,,,,
生理男,25,公共事業,"50,001～60,000元",單身,處女座,台北市,女生配件,加入購物車,一個月～三個月,1001～2000 元,18:01~21:00,1~2 小時（含）,介面操作簡單、好上手,2021-06-04T13:20:57.000000Z,92,2401:e180:8871:7e36:6070:591e:62d3:6587,,,,,,
生理女,54,文教機關,"60,001～70,000元",已婚,天蠍座,基隆市,居家生活,瀏覽商品頁面,六個月～一年,501～1000 元,18:01~21:00,1 小時（含）以下,省錢,2021-06-04T13:21:16.000000Z,120,59.115.52.50,,,,,,
生理女,20,學生,無收入,未婚,射手座,新北市,女生衣著,瀏覽商品頁面,一個月～三個月,501～1000 元,21:01~00:00,1 小時（含）以下,省時,2021-06-04T13:22:48.000000Z,66,1.34.127.99,,,,,,
生理女,22,一般商業,"30,001～40,000元",單身,獅子座,新北市,女生衣著,加入購物車,一個月～三個月,1001～2000 元,21:01~00:00,1~2 小時（含）,省錢,2021-06-04T13:25:32.000000Z,229,1.161.86.85,,,,,,
生理女,23,一般商業,"30,001～40,000元",單身,水瓶座,台北市,女生配件,加入購物車,一個月～三個月,1001～2000 元,21:01~00:00,1 小時（含）以下,方便,2021-06-04T13:26:22.000000Z,70,2001:b011:a408:15f1:f031:a25c:e41c:62d0,,,,,,
生理女,24,學生,"10,000元以下",單身,天秤座,高雄市,女生衣著,加入購物車,半個月內,1001～2000 元,21:01~00:00,1 小時（含）以下,方便,2021-06-04T13:27:25.000000Z,90,49.159.75.28,,,,,,
生理女,23,待業中,無收入,單身,天蠍座,台北市,女生配件,加入購物車,半個月～一個月,501～1000 元,18:01~21:00,1 小時（含）以下,方便,2021-06-04T13:35:24.000000Z,74,124.12.211.15,,,,,,
生理女,23,製造業,"30,001～40,000元",單身,處女座,台中市,戶外與運動用品,瀏覽商品頁面,半個月～一個月,501～1000 元,18:01~21:00,1 小時（含）以下,方便,2021-06-04T13:35:31.000000Z,371,2001:b400:e48b:6452:6028:ac69:e4f7:4cd4,,,,,,
生理女,20,學生,"10,000元以下",未婚,天秤座,新北市,女生配件,加入購物車,一個月～三個月,1001～2000 元,21:01~00:00,1 小時（含）以下,方便,2021-06-04T13:40:01.000000Z,59,2001:b400:e4d1:8371:2d6d:2f05:79a4:fb16,,,,,,
生理女,23,文教機關,"10,000元以下",單身,牧羊座,桃園市,居家生活,加入購物車,一個月～三個月,501～1000 元,21:01~00:00,1 小時（含）以下,方便,2021-06-04T13:45:47.000000Z,76,119.14.176.64,,,,,,
生理女,23,文教機關,"30,001～40,000元",未婚,摩羯座,新北市,女生衣著,瀏覽商品頁面,三個月～六個月,501～1000 元,18:01~21:00,1 小時（含）以下,方便,2021-06-04T13:55:55.000000Z,122,111.243.59.83,,,,,,
生理男,21,學生,無收入,未婚,天蠍座,台北市,男生衣著,加入購物車,半個月內,501～1000 元,21:01~00:00,1 小時（含）以下,方便,2021-06-04T13:57:15.000000Z,70,219.68.100.163,,,,,,
生理男,23,待業中,無收入,單身,射手座,宜蘭縣,家電影音,瀏覽商品頁面,一星期內,1001～2000 元,21:01~00:00,1~2 小時（含）,方便,2021-06-04T13:58:11.000000Z,71,2402:7500:5d5:af7b:dcee:71e6:f1b6:dd76,,,,,,
生理女,23,學生,"10,000元以下",單身,摩羯座,雲林縣,女生衣著,加入購物車,半個月～一個月,1001～2000 元,21:01~00:00,1 小時（含）以下,介面操作簡單、好上手,2021-06-04T14:02:00.000000Z,65,2001:b400:e4a8:8b88:4108:9424:b52a:ff0,,,,,,
生理男,23,待業中,無收入,單身,天蠍座,桃園市,娛樂、收藏,愛心按讚好物,半個月～一個月,1001～2000 元,03:01~06:00,1 小時（含）以下,方便,2021-06-04T14:03:33.000000Z,59,2001:b400:e309:4238:581c:9a5e:cfbd:acc4,,,,,,
生理男,24,學生,無收入,單身,摩羯座,台北市,娛樂、收藏,加入購物車,一個月～三個月,501～1000 元,21:01~00:00,1 小時（含）以下,方便,2021-06-04T14:06:31.000000Z,93,2001:b400:e3d2:1da:61e1:45ab:1bb7:5283,,,,,,
生理女,24,服務業,"20,001～30,000元",單身,射手座,台北市,女生衣著,加入購物車,半個月～一個月,1001～2000 元,00:01~03:00,1 小時（含）以下,介面操作簡單、好上手,2021-06-04T14:10:05.000000Z,77,111.243.8.167,,,,,,
生理男,23,交通運輸業,"40,001～50,000元",單身,天秤座,桃園市,汽車零件百貨,加入購物車,半個月～一個月,501～1000 元,15:01~18:00,1 小時（含）以下,方便,2021-06-04T14:21:08.000000Z,51,2001:b011:5c03:53a5:ad46:8a6b:baef:652f,,,,,,
生理女,23,服務業,"10,001～20,000元",單身,天秤座,新北市,女生衣著,瀏覽商品頁面,半個月～一個月,501～1000 元,18:01~21:00,3 個小時以上,介面操作簡單、好上手,2021-06-04T14:21:49.000000Z,97,2001:b400:e273:4f77:d18b:a10e:e1dc:3a86,,,,,,
生理女,20,學生,無收入,單身,摩羯座,台北市,居家生活,瀏覽商品頁面,半個月～一個月,501～1000 元,00:01~03:00,1 小時（含）以下,方便,2021-06-04T14:23:29.000000Z,105,2401:e180:8860:2f4e:117a:b11e:655a:b9a6,,,,,,
生理女,23,服務業,"20,001～30,000元",未婚,摩羯座,桃園市,居家生活,愛心按讚好物,半個月內,501～1000 元,21:01~00:00,1~2 小時（含）,省錢,2021-06-04T14:27:57.000000Z,78,2401:e180:8880:5436:61d3:c08f:6e98:5e1,,,,,,
生理女,24,文教機關,"30,001～40,000元",單身,水瓶座,新北市,寵物,瀏覽商品頁面,一星期內,501～1000 元,21:01~00:00,1~2 小時（含）,方便,2021-06-04T14:28:42.000000Z,68,2001:b011:3815:321d:9cd0:be79:c15f:f02c,,,,,,
生理女,21,學生,"10,001～20,000元",未婚,雙子座,桃園市,女生衣著,瀏覽商品頁面,半個月內,501～1000 元,21:01~00:00,1 小時（含）以下,方便,2021-06-04T14:37:16.000000Z,52,220.134.53.110,,,,,,
生理女,21,學生,"10,000元以下",單身,天蠍座,桃園市,其他,加入購物車,半個月～一個月,500 元（含）以下,18:01~21:00,1~2 小時（含）,介面操作簡單、好上手,2021-06-04T14:38:07.000000Z,81,2001:b400:e35d:c398:7022:bfe2:ff5e:86e4,,,,,,
生理女,22,學生,無收入,單身,金牛座,台北市,其他,瀏覽商品頁面,一個月～三個月,501～1000 元,18:01~21:00,1 小時（含）以下,方便,2021-06-04T14:39:12.000000Z,135,60.250.137.125,,,,,,
生理女,23,學生,"10,001～20,000元",單身,水瓶座,台北市,書籍及文創商品,瀏覽商品頁面,六個月～一年,500 元（含）以下,21:01~00:00,1 小時（含）以下,介面操作簡單、好上手,2021-06-04T14:42:07.000000Z,106,36.227.46.123,,,,,,
生理女,22,學生,"10,001～20,000元",單身,巨蟹座,桃園市,居家生活,瀏覽商品頁面,一星期內,500 元（含）以下,21:01~00:00,1 小時（含）以下,方便,2021-06-04T14:43:54.000000Z,193,2401:e180:88e1:6544:c9ef:8ea2:3f18:c471,,,,,,
生理女,23,服務業,"20,001～30,000元",單身,天蠍座,桃園市,女生衣著,瀏覽商品頁面,半個月～一個月,501～1000 元,18:01~21:00,1 小時（含）以下,介面操作簡單、好上手,2021-06-04T14:46:03.000000Z,94,2001:b400:e33f:1ddc:fd68:9178:8768:109f,,,,,,
生理女,23,資訊業,"30,001～40,000元",單身,巨蟹座,台北市,居家生活,瀏覽商品頁面,三個月～六個月,501～1000 元,21:01~00:00,1 小時（含）以下,省錢,2021-06-04T14:48:44.000000Z,128,2402:7500:578:a679:88ef:71a7:bede:290a,,,,,,
生理女,22,學生,無收入,單身,摩羯座,台北市,女生衣著,瀏覽商品頁面,三個月～六個月,500 元（含）以下,21:01~00:00,1 小時（含）以下,方便,2021-06-04T14:48:56.000000Z,97,2001:b011:b000:311f:c0bb:c678:76f5:aa05,,,,,,
生理女,24,一般商業,"40,001～50,000元",單身,天蠍座,桃園市,女生衣著,加入購物車,半個月～一個月,501～1000 元,21:01~00:00,1 小時（含）以下,方便,2021-06-04T14:51:31.000000Z,225,180.217.34.154,,,,,,
生理女,25,學生,"10,001～20,000元",單身,射手座,台南市,女生衣著,愛心按讚好物,半個月～一個月,501～1000 元,18:01~21:00,1 小時（含）以下,介面操作簡單、好上手,2021-06-04T14:53:08.000000Z,89,2001:b400:e2ab:2299:6838:4097:f92d:5556,,,,,,
生理男,22,學生,"10,000元以下",單身,巨蟹座,台中市,男生衣著,瀏覽商品頁面,三個月～六個月,501～1000 元,21:01~00:00,1~2 小時（含）,方便,2021-06-04T14:54:22.000000Z,114,2001:b400:e4d1:de9c:7889:d01b:9a30:e50b,,,,,,
生理男,22,學生,無收入,未婚,天蠍座,新北市,書籍及文創商品,瀏覽商品頁面,六個月～一年,500 元（含）以下,15:01~18:00,1 小時（含）以下,介面操作簡單、好上手,2021-06-04T14:54:23.000000Z,71,2001:b011:a:5ca5:9963:d9bf:b92f:fa3e,,,,,,
生理男,24,製造業,"30,001～40,000元",未婚,金牛座,桃園市,寵物,加入購物車,三個月～六個月,500 元（含）以下,21:01~00:00,1 小時（含）以下,省錢,2021-06-04T14:59:32.000000Z,127,118.161.63.120,,,,,,
生理男,27,一般商業,"100,001元以上",單身,獅子座,台北市,戶外與運動用品,聊聊,半個月～一個月,501～1000 元,18:01~21:00,1 小時（含）以下,方便,2021-06-04T15:06:23.000000Z,68,2601:445:480:b4e0:d5a4:4696:39ad:56c3,,,,,,
生理女,23,待業中,無收入,單身,處女座,彰化縣,女生衣著,瀏覽商品頁面,半個月內,1001～2000 元,00:01~03:00,1~2 小時（含）,方便,2021-06-04T15:15:52.000000Z,91,2001:b400:e451:e23b:3cff:f9fd:522:d493,,,,,,
生理女,23,待業中,無收入,單身,處女座,新北市,女生衣著,瀏覽商品頁面,半個月～一個月,501～1000 元,15:01~18:00,1 小時（含）以下,方便,2021-06-04T15:21:39.000000Z,103,2001:b400:e27b:1ab:684a:a2a7:953a:6162,,,,,,
生理男,27,交通運輸業,"40,001～50,000元",單身,水瓶座,桃園市,居家生活,愛心按讚好物,半個月～一個月,501～1000 元,15:01~18:00,1 小時（含）以下,方便,2021-06-04T15:25:43.000000Z,107,180.217.47.180,,,,,,
生理男,21,餐旅業,"40,001～50,000元",單身,巨蟹座,台北市,美食、伴手禮,直接購買,一年以上,500 元（含）以下,21:01~00:00,1 小時（含）以下,方便,2021-06-04T15:28:39.000000Z,101,103.18.124.88,,,,,,
生理女,22,學生,無收入,單身,天秤座,新北市,美妝保健,加入購物車,一個月～三個月,500 元（含）以下,12:01~15:00,1 小時（含）以下,介面操作簡單、好上手,2021-06-04T15:32:24.000000Z,79,124.109.122.31,,,,,,
生理女,23,文教機關,"30,001～40,000元",未婚,摩羯座,新北市,居家生活,瀏覽商品頁面,半個月～一個月,501～1000 元,00:01~03:00,1 小時（含）以下,介面操作簡單、好上手,2021-06-04T15:42:52.000000Z,98,2001:b011:3820:15c7:65a7:f982:91e7:4a54,,,,,,
生理男,24,待業中,無收入,單身,水瓶座,台北市,男生衣著,瀏覽商品頁面,一個月～三個月,501～1000 元,12:01~15:00,1 小時（含）以下,省錢,2021-06-04T15:43:12.000000Z,116,150.116.79.103,,,,,,
生理男,25,服務業,"20,001～30,000元",未婚,天秤座,台北市,娛樂、收藏,直接購買,一個月～三個月,501～1000 元,18:01~21:00,1 小時（含）以下,方便,2021-06-04T15:51:29.000000Z,164,2402:7500:57b:8d2d:34c8:34fb:2b95:71b1,,,,,,
生理女,21,學生,"10,000元以下",單身,金牛座,新北市,女生衣著,加入購物車,一個月～三個月,1001～2000 元,21:01~00:00,1 小時（含）以下,方便,2021-06-04T15:52:04.000000Z,92,2001:b400:e286:1ef6:f849:9e7f:66d:612e,,,,,,
生理女,24,學生,"10,000元以下",單身,天蠍座,台南市,女生衣著,加入購物車,半個月內,501～1000 元,21:01~00:00,1 小時（含）以下,介面操作簡單、好上手,2021-06-04T15:53:42.000000Z,55,2401:e180:88b0:9287:bda1:70bb:4055:9e43,,,,,,
生理男,23,學生,無收入,單身,射手座,台北市,男生衣著,瀏覽商品頁面,三個月～六個月,500 元（含）以下,21:01~00:00,1 小時（含）以下,方便,2021-06-04T15:58:41.000000Z,73,203.204.21.187,,,,,,
生理女,21,學生,無收入,單身,射手座,基隆市,女生衣著,瀏覽商品頁面,半個月～一個月,500 元（含）以下,18:01~21:00,1 小時（含）以下,省錢,2021-06-04T16:10:02.000000Z,65,36.228.17.155,,,,,,
生理男,24,學生,"10,001～20,000元",單身,射手座,雲林縣,男生衣著,瀏覽商品頁面,三個月～六個月,1001～2000 元,18:01~21:00,1 小時（含）以下,省時,2021-06-04T16:19:11.000000Z,92,2001:b400:e4d0:3e79:7f1f:83f1:dc6b:3bf1,,,,,,
生理女,18,學生,"10,000元以下",單身,雙子座,桃園市,女生衣著,愛心按讚好物,半個月內,501～1000 元,21:01~00:00,1 小時（含）以下,方便,2021-06-04T16:21:53.000000Z,62,2402:7500:4dc:3ce4:f9db:3c11:6e5a:94bd,,,,,,
生理男,23,學生,"10,001～20,000元",單身,處女座,新北市,居家生活,瀏覽商品頁面,一個月～三個月,501～1000 元,15:01~18:00,1 小時（含）以下,方便,2021-06-04T16:40:32.000000Z,70,2001:b400:e3a7:e716:a9c5:c350:d9ac:d902,,,,,,
生理女,24,學生,"10,000元以下",單身,摩羯座,新北市,美食、伴手禮,加入購物車,半個月內,500 元（含）以下,21:01~00:00,1 小時（含）以下,方便,2021-06-04T16:44:16.000000Z,58,2402:7500:57a:f07a:342c:3c3c:1e25:c787,,,,,,
生理女,23,公共事業,"20,001～30,000元",單身,射手座,新北市,女生衣著,愛心按讚好物,一個月～三個月,501～1000 元,09:01~12:00,1~2 小時（含）,方便,2021-06-04T16:44:29.000000Z,67,2001:b400:e255:331e:204e:a2b8:bc28:6841,,,,,,
生理女,22,學生,"10,000元以下",未婚,處女座,台中市,書籍及文創商品,瀏覽商品頁面,半個月～一個月,500 元（含）以下,21:01~00:00,1 小時（含）以下,方便,2021-06-04T17:00:42.000000Z,86,220.132.230.41,,,,,,
生理男,23,學生,"10,001～20,000元",單身,雙魚座,台北市,遊戲王,瀏覽商品頁面,半個月～一個月,1001～2000 元,21:01~00:00,1 小時（含）以下,方便,2021-06-04T17:06:55.000000Z,115,2001:b011:e:3fa4:79c9:8950:5ac5:34e1,,,,,,
生理女,22,學生,"10,000元以下",未婚,射手座,台北市,女生衣著,瀏覽商品頁面,半個月內,501～1000 元,00:01~03:00,1 小時（含）以下,介面操作簡單、好上手,2021-06-04T17:18:52.000000Z,82,2001:b400:e27b:2392:a015:4f33:77b5:e566,,,,,,
生理女,22,學生,無收入,單身,獅子座,桃園市,女生衣著,瀏覽商品頁面,一個月～三個月,501～1000 元,00:01~03:00,2~3 小時（含）,介面操作簡單、好上手,2021-06-04T17:28:24.000000Z,58,42.73.94.186,,,,,,
生理女,22,學生,"10,001～20,000元",未婚,雙魚座,台北市,女生衣著,加入購物車,一年以上,501～1000 元,21:01~00:00,1 小時（含）以下,省錢,2021-06-04T17:40:57.000000Z,161,36.235.139.75,,,,,,
生理女,23,一般商業,"30,001～40,000元",未婚,處女座,新竹市,美妝保健,瀏覽商品頁面,半個月內,1001～2000 元,18:01~21:00,1 小時（含）以下,介面操作簡單、好上手,2021-06-04T17:43:48.000000Z,85,122.116.146.205,,,,,,
生理女,20,學生,"10,001～20,000元",未婚,獅子座,新北市,美食、伴手禮,加入購物車,半個月～一個月,501～1000 元,18:01~21:00,1 小時（含）以下,方便,2021-06-04T18:28:54.000000Z,71,114.32.120.81,,,,,,
生理男,19,學生,無收入,單身,牧羊座,桃園市,書籍及文創商品,直接購買,一個月～三個月,501～1000 元,18:01~21:00,1 小時（含）以下,介面操作簡單、好上手,2021-06-05T00:55:06.000000Z,70,2402:7500:57b:2500:b1dd:1f5f:e2b2:837,,,,,,
生理女,22,學生,無收入,未婚,巨蟹座,新北市,美妝保健,瀏覽商品頁面,半個月內,1001～2000 元,15:01~18:00,1 小時（含）以下,方便,2021-06-05T01:19:03.000000Z,74,2001:b400:e7d1:f801:d598:984b:e991:f2ca,,,,,,
生理女,19,學生,無收入,單身,巨蟹座,桃園市,女生衣著,愛心按讚好物,一個月～三個月,500 元（含）以下,21:01~00:00,1~2 小時（含）,方便,2021-06-05T01:30:35.000000Z,79,111.249.47.133,,,,,,
生理女,23,服務業,無收入,單身,射手座,新北市,居家生活,瀏覽商品頁面,半個月內,501～1000 元,09:01~12:00,1 小時（含）以下,省錢,2021-06-05T01:46:24.000000Z,384,2001:b400:e283:93a5:e1c9:9e64:3f5:ddfe,,,,,,
生理男,23,學生,"20,001～30,000元",單身,雙魚座,台北市,寵物,瀏覽商品頁面,三個月～六個月,501～1000 元,21:01~00:00,1 小時（含）以下,方便,2021-06-05T01:49:07.000000Z,63,1.200.71.218,,,,,,
生理女,22,學生,無收入,單身,獅子座,台中市,美食、伴手禮,加入購物車,半個月～一個月,501～1000 元,00:01~03:00,1 小時（含）以下,介面操作簡單、好上手,2021-06-05T02:02:17.000000Z,176,61.231.208.205,,,,,,
生理女,24,服務業,"30,001～40,000元",單身,天秤座,新北市,女生衣著,愛心按讚好物,半個月～一個月,501～1000 元,21:01~00:00,1 小時（含）以下,方便,2021-06-05T03:02:59.000000Z,71,2402:7500:482:9132:552f:2ca5:fb14:9d94,,,,,,
生理男,55,製造業,"50,001～60,000元",已婚,金牛座,基隆市,居家生活,瀏覽商品頁面,六個月～一年,2001～3000 元,21:01~00:00,1 小時（含）以下,省錢,2021-06-05T03:52:01.000000Z,137,223.140.148.51,,,,,,
生理女,18,學生,無收入,單身,處女座,桃園市,女生配件,瀏覽商品頁面,半個月～一個月,501～1000 元,18:01~21:00,1 小時（含）以下,介面操作簡單、好上手,2021-06-05T04:09:19.000000Z,80,118.167.100.229,,,,,,
生理女,32,資訊業,"30,001～40,000元",單身,金牛座,新北市,美食、伴手禮,瀏覽商品頁面,半個月～一個月,501～1000 元,21:01~00:00,1~2 小時（含）,方便,2021-06-05T04:30:39.000000Z,162,114.45.79.69,,,,,,
生理男,23,待業中,無收入,單身,處女座,台中市,手機平板與周邊,瀏覽商品頁面,三個月～六個月,501～1000 元,21:01~00:00,1 小時（含）以下,省時,2021-06-05T04:46:44.000000Z,75,2001:b400:e706:fcfa:4029:acbd:18d:3ff1,,,,,,
生理女,23,學生,"10,000元以下",單身,摩羯座,桃園市,女生衣著,瀏覽商品頁面,半個月～一個月,501～1000 元,21:01~00:00,1 小時（含）以下,方便,2021-06-05T04:49:08.000000Z,78,2001:b400:e3ee:392c:e9d8:e77d:57f1:2817,,,,,,
生理女,19,學生,無收入,單身,巨蟹座,桃園市,女生衣著,瀏覽商品頁面,一星期內,3001 元以上,15:01~18:00,1 小時（含）以下,方便,2021-06-05T04:55:01.000000Z,49,123.192.157.88,,,,,,
生理女,23,製造業,"30,001～40,000元",單身,雙子座,桃園市,居家生活,加入購物車,半個月內,500 元（含）以下,18:01~21:00,1 小時（含）以下,省錢,2021-06-05T05:31:51.000000Z,89,2001:b011:6c0b:3531:99ae:771c:20c4:e78f,,,,,,
生理女,22,服務業,"30,001～40,000元",單身,巨蟹座,台北市,女生衣著,聊聊,一個月～三個月,501～1000 元,15:01~18:00,1~2 小時（含）,介面操作簡單、好上手,2021-06-05T05:34:46.000000Z,75,2001:b400:e2d7:9e8a:8573:f93d:2f40:ef3b,,,,,,
生理女,23,學生,"10,001～20,000元",單身,天秤座,新北市,女生配件,瀏覽商品頁面,一個月～三個月,501～1000 元,21:01~00:00,1 小時（含）以下,方便,2021-06-05T06:26:27.000000Z,62,114.46.20.55,,,,,,
生理女,26,待業中,"30,001～40,000元",單身,牧羊座,桃園市,居家生活,加入購物車,半個月～一個月,501～1000 元,21:01~00:00,1 小時（含）以下,方便,2021-06-05T06:29:38.000000Z,548,114.137.212.212,,,,,,
生理女,26,文教機關,"20,001～30,000元",單身,金牛座,桃園市,書籍及文創商品,瀏覽商品頁面,半個月～一個月,501～1000 元,18:01~21:00,1 小時（含）以下,方便,2021-06-05T06:38:33.000000Z,71,1.161.204.146,,,,,,
生理女,26,學生,無收入,單身,天蠍座,台東縣,書籍及文創商品,瀏覽商品頁面,一個月～三個月,500 元（含）以下,18:01~21:00,1 小時（含）以下,方便,2021-06-05T06:39:59.000000Z,57,2001:b400:e758:fff3:2185:4135:d1de:24e1,,,,,,
生理女,26,待業中,無收入,單身,處女座,桃園市,居家生活,瀏覽商品頁面,六個月～一年,501～1000 元,21:01~00:00,1 小時（含）以下,方便,2021-06-05T06:45:24.000000Z,127,2001:b400:e355:a800:c9f6:2239:fb0f:e974,,,,,,
生理女,22,學生,無收入,未婚,天秤座,新北市,女生衣著,瀏覽商品頁面,半個月內,501～1000 元,15:01~18:00,3 個小時以上,方便,2021-06-05T08:22:02.000000Z,74,180.177.8.128,,,,,,
生理女,21,學生,無收入,單身,獅子座,新北市,女生衣著,瀏覽商品頁面,半個月～一個月,501～1000 元,18:01~21:00,1~2 小時（含）,介面操作簡單、好上手,2021-06-05T08:27:55.000000Z,70,118.165.122.134,,,,,,
生理女,22,學生,無收入,單身,雙魚座,苗栗縣,女生衣著,愛心按讚好物,一個月～三個月,1001～2000 元,21:01~00:00,1 小時（含）以下,方便,2021-06-05T08:30:08.000000Z,100,2001:b400:e4db:383f:6c3a:a50c:e208:475a,,,,,,
生理男,23,待業中,"10,000元以下",單身,巨蟹座,基隆市,遊戲王,瀏覽商品頁面,一年以上,501～1000 元,12:01~15:00,1 小時（含）以下,方便,2021-06-05T08:38:50.000000Z,138,2401:e180:8840:5272:9bb9:f2e7:1411:e1ed,,,,,,
生理女,20,學生,"10,000元以下",單身,金牛座,新北市,女生衣著,瀏覽商品頁面,一星期內,501～1000 元,21:01~00:00,1~2 小時（含）,方便,2021-06-05T08:42:07.000000Z,162,2402:7500:a02:2e5f:bd42:6209:588:36ad,,,,,,
生理女,27,服務業,"40,001～50,000元",單身,獅子座,新北市,書籍及文創商品,瀏覽商品頁面,半個月內,501～1000 元,21:01~00:00,1 小時（含）以下,方便,2021-06-05T08:46:44.000000Z,98,2001:b400:e279:eb9c:9547:4f62:24e9:4ce7,,,,,,
生理女,23,學生,無收入,單身,雙魚座,台中市,女生衣著,加入購物車,六個月～一年,501～1000 元,09:01~12:00,1 小時（含）以下,介面操作簡單、好上手,2021-06-05T08:57:08.000000Z,55,101.136.112.174,,,,,,
生理女,27,學生,"10,000元以下",單身,射手座,台中市,居家生活,直接購買,半個月內,501～1000 元,21:01~00:00,1 小時（含）以下,省錢,2021-06-05T09:21:23.000000Z,83,2001:b011:8009:3a90:1c5a:a83f:9272:27bd,,,,,,
生理女,31,文教機關,"30,001～40,000元",單身,獅子座,台北市,居家生活,直接購買,三個月～六個月,501～1000 元,21:01~00:00,1 小時（含）以下,方便,2021-06-05T10:34:49.000000Z,98,2001:b400:e275:f4a3:bf9f:333e:b229:f829,,,,,,
生理男,23,學生,"20,001～30,000元",未婚,雙子座,台北市,戶外與運動用品,瀏覽商品頁面,半個月內,2001～3000 元,21:01~00:00,1 小時（含）以下,介面操作簡單、好上手,2021-06-05T10:51:30.000000Z,62,220.136.224.51,,,,,,
生理女,23,待業中,"30,001～40,000元",單身,天秤座,新北市,居家生活,加入購物車,三個月～六個月,1001～2000 元,18:01~21:00,1 小時（含）以下,方便,2021-06-05T11:56:07.000000Z,100,2402:7500:5dd:4915:804c:7f0d:ad28:32d3,,,,,,
生理女,55,家庭管理,無收入,離婚,射手座,屏東縣,女生衣著,瀏覽商品頁面,六個月～一年,1001～2000 元,21:01~00:00,1~2 小時（含）,介面操作簡單、好上手,2021-06-05T12:29:32.000000Z,262,2401:e180:8c30:12fc:8489:cb20:8c7b:66cb,,,,,,
生理男,32,製造業,"60,001～70,000元",已婚,巨蟹座,台北市,居家生活,加入購物車,半個月內,501～1000 元,21:01~00:00,1 小時（含）以下,省時,2021-06-05T15:33:43.000000Z,114,2001:b400:e265:fa4a:a5f3:da17:4499:4654,,,,,,
生理女,18,學生,無收入,單身,射手座,苗栗縣,其他,愛心按讚好物,半個月內,500 元（含）以下,18:01~21:00,1 小時（含）以下,介面操作簡單、好上手,2021-06-05T16:26:12.000000Z,71,112.78.90.171,,,,,,
生理女,20,學生,"10,000元以下",單身,摩羯座,新北市,女生衣著,瀏覽商品頁面,半個月～一個月,501～1000 元,21:01~00:00,1 小時（含）以下,方便,2021-06-05T16:43:34.000000Z,52,111.251.215.99,,,,,,
生理女,20,學生,"10,000元以下",單身,雙魚座,新北市,女生衣著,愛心按讚好物,六個月～一年,501～1000 元,21:01~00:00,1 小時（含）以下,省錢,2021-06-05T16:58:42.000000Z,260,118.166.52.113,,,,,,
生理女,23,學生,"30,001～40,000元",單身,金牛座,新北市,女生衣著,瀏覽商品頁面,半個月～一個月,501～1000 元,00:01~03:00,1 小時（含）以下,方便,2021-06-05T17:16:40.000000Z,55,123.194.221.168,,,,,,
生理女,23,學生,"10,000元以下",單身,水瓶座,宜蘭縣,美妝保健,瀏覽商品頁面,半個月～一個月,1001～2000 元,15:01~18:00,1 小時（含）以下,介面操作簡單、好上手,2021-06-05T17:20:35.000000Z,76,118.165.176.29,,,,,,
生理女,23,學生,"10,000元以下",單身,金牛座,台北市,書籍及文創商品,瀏覽商品頁面,半個月～一個月,501～1000 元,21:01~00:00,1 小時（含）以下,方便,2021-06-05T17:22:46.000000Z,84,2402:7500:5dc:201e:b735:d469:4b1f:a66f,,,,,,
生理女,23,一般商業,"20,001～30,000元",未婚,摩羯座,新北市,其他,直接購買,半個月～一個月,500 元（含）以下,21:01~00:00,1 小時（含）以下,介面操作簡單、好上手,2021-06-05T17:23:02.000000Z,85,2402:7500:587:b9a0:74fd:7abe:77ce:fd3e,,,,,,
生理女,22,製造業,"20,001～30,000元",單身,巨蟹座,桃園市,居家生活,瀏覽商品頁面,半個月～一個月,501～1000 元,21:01~00:00,1~2 小時（含）,方便,2021-06-05T17:27:02.000000Z,309,36.230.173.209,,,,,,
生理女,22,學生,"20,001～30,000元",單身,牧羊座,新北市,女生衣著,瀏覽商品頁面,半個月內,501～1000 元,21:01~00:00,1 小時（含）以下,方便,2021-06-05T17:31:00.000000Z,46,2401:e180:8871:f069:f4f5:b22e:834f:b806,,,,,,
生理女,23,服務業,"30,001～40,000元",單身,雙魚座,桃園市,女生衣著,加入購物車,半個月內,1001～2000 元,18:01~21:00,1~2 小時（含）,方便,2021-06-05T17:38:17.000000Z,103,61.228.136.238,,,,,,
生理男,23,學生,"10,000元以下",單身,摩羯座,新北市,娛樂、收藏,加入購物車,半個月內,501～1000 元,21:01~00:00,1 小時（含）以下,方便,2021-06-05T17:39:07.000000Z,80,2402:7500:491:88cd:31a3:8472:1bc5:ed56,,,,,,
生理男,23,學生,"10,001～20,000元",未婚,獅子座,新竹市,居家生活,瀏覽商品頁面,一個月～三個月,501～1000 元,00:01~03:00,1 小時（含）以下,方便,2021-06-05T17:39:51.000000Z,193,2001:b400:e3ed:47d5:8cee:6187:1884:1bc6,,,,,,
生理女,23,學生,無收入,未婚,水瓶座,桃園市,美食、伴手禮,加入購物車,半個月～一個月,501～1000 元,00:01~03:00,1 小時（含）以下,省錢,2021-06-05T17:42:15.000000Z,67,2401:e180:8832:56b:452c:e13b:2fa7:68e4,,,,,,
生理女,23,醫療保健業,"20,001～30,000元",未婚,天蠍座,桃園市,女生衣著,愛心按讚好物,半個月～一個月,501～1000 元,21:01~00:00,1 小時（含）以下,介面操作簡單、好上手,2021-06-05T17:42:37.000000Z,105,123.192.176.22,,,,,,
生理男,24,學生,"10,000元以下",單身,水瓶座,嘉義縣,男生衣著,瀏覽商品頁面,半個月～一個月,501～1000 元,21:01~00:00,1 小時（含）以下,方便,2021-06-05T17:43:25.000000Z,59,2402:7500:a53:1916:d026:2431:857b:ab9f,,,,,,
生理男,19,學生,無收入,單身,牧羊座,台中市,男生包包與配件,瀏覽商品頁面,一個月～三個月,501～1000 元,09:01~12:00,1 小時（含）以下,介面操作簡單、好上手,2021-06-05T18:15:03.000000Z,103,2001:b400:e4a0:809e:b12d:8aa0:c150:595a,,,,,,
生理女,23,一般商業,"30,001～40,000元",未婚,摩羯座,桃園市,居家生活,加入購物車,半個月～一個月,1001～2000 元,21:01~00:00,1~2 小時（含）,介面操作簡單、好上手,2021-06-05T18:16:16.000000Z,94,2001:b011:6c0c:1358:492f:733f:b903:62f6,,,,,,
生理女,22,一般商業,"20,001～30,000元",未婚,巨蟹座,新北市,其他,愛心按讚好物,半個月～一個月,1001～2000 元,21:01~00:00,1 小時（含）以下,方便,2021-06-05T19:10:07.000000Z,175,118.150.188.119,,,,,,
生理女,23,學生,"20,001～30,000元",單身,雙魚座,台北市,其他,瀏覽商品頁面,三個月～六個月,1001～2000 元,18:01~21:00,1 小時（含）以下,省錢,2021-06-05T19:12:13.000000Z,77,2402:7500:4d0:94a:39c7:95b8:8d93:291e,,,,,,
生理女,21,學生,"10,001～20,000元",未婚,水瓶座,新北市,娛樂、收藏,瀏覽商品頁面,一個月～三個月,500 元（含）以下,15:01~18:00,1 小時（含）以下,方便,2021-06-05T21:18:50.000000Z,95,2401:e180:8830:dd40:a5ab:414:793f:6b91,,,,,,
生理女,23,待業中,無收入,單身,天秤座,桃園市,女生衣著,愛心按讚好物,半個月內,1001～2000 元,18:01~21:00,1 小時（含）以下,方便,2021-06-06T01:05:52.000000Z,118,2401:e180:8801:e036:910c:22d8:4ffe:6648,,,,,,
生理女,23,服務業,"20,001～30,000元",未婚,天秤座,桃園市,手機平板與周邊,瀏覽商品頁面,六個月～一年,501～1000 元,21:01~00:00,1~2 小時（含）,介面操作簡單、好上手,2021-06-06T01:35:00.000000Z,141,2001:b400:e309:5bce:6569:d5da:e1dc:302e,,,,,,
生理女,23,一般商業,"20,001～30,000元",單身,天蠍座,桃園市,書籍及文創商品,瀏覽商品頁面,三個月～六個月,501～1000 元,18:01~21:00,1 小時（含）以下,省時,2021-06-06T01:44:41.000000Z,123,1.200.42.217,,,,,,
生理男,23,服務業,"20,001～30,000元",單身,水瓶座,新北市,男生衣著,愛心按讚好物,一個月～三個月,501～1000 元,21:01~00:00,1 小時（含）以下,介面操作簡單、好上手,2021-06-06T01:53:03.000000Z,104,2001:b400:e480:a835:78bd:846f:30e0:7a9a,,,,,,
生理女,24,一般商業,"20,001～30,000元",單身,天秤座,台北市,美妝保健,瀏覽商品頁面,半個月內,1001～2000 元,15:01~18:00,1~2 小時（含）,介面操作簡單、好上手,2021-06-06T01:56:57.000000Z,72,2001:b400:e269:211a:98a6:f13c:e470:931a,,,,,,
生理女,26,學生,"10,001～20,000元",未婚,處女座,新北市,女生衣著,瀏覽商品頁面,半個月～一個月,1001～2000 元,21:01~00:00,1 小時（含）以下,介面操作簡單、好上手,2021-06-06T02:41:49.000000Z,79,2001:b400:e488:505e:a1ba:4dab:8e1f:c786,,,,,,
生理女,23,學生,"10,000元以下",單身,雙子座,台中市,居家生活,瀏覽商品頁面,一個月～三個月,501～1000 元,18:01~21:00,1 小時（含）以下,省錢,2021-06-06T03:02:31.000000Z,75,2001:b400:e487:61cd:a105:bfd4:e2ee:fda4,,,,,,
生理女,24,學生,"10,001～20,000元",單身,雙子座,新北市,寵物,瀏覽商品頁面,一個月～三個月,501～1000 元,00:01~03:00,1 小時（含）以下,省錢,2021-06-06T03:15:25.000000Z,80,2001:b400:e257:daf0:f0c4:f47e:988a:e81d,,,,,,
生理女,23,製造業,"20,001～30,000元",單身,雙魚座,新北市,居家生活,瀏覽商品頁面,一個月～三個月,501～1000 元,21:01~00:00,1~2 小時（含）,方便,2021-06-06T03:18:06.000000Z,242,123.194.71.20,,,,,,
生理女,23,醫療保健業,"40,001～50,000元",單身,射手座,台北市,女生衣著,瀏覽商品頁面,一個月～三個月,501～1000 元,18:01~21:00,1~2 小時（含）,省錢,2021-06-06T03:36:54.000000Z,83,2402:7500:489:b156:306e:776e:9630:27ff,,,,,,
生理女,23,學生,無收入,單身,摩羯座,桃園市,書籍及文創商品,愛心按讚好物,一星期內,501～1000 元,00:01~03:00,1 小時（含）以下,方便,2021-06-06T03:38:18.000000Z,88,123.192.216.156,,,,,,
生理女,19,學生,"10,001～20,000元",單身,處女座,台中市,居家生活,瀏覽商品頁面,一星期內,500 元（含）以下,21:01~00:00,1~2 小時（含）,省錢,2021-06-06T03:51:28.000000Z,77,223.140.177.233,,,,,,
生理女,21,學生,無收入,單身,射手座,新北市,女生衣著,愛心按讚好物,一個月～三個月,501～1000 元,21:01~00:00,1 小時（含）以下,方便,2021-06-06T03:55:15.000000Z,76,36.229.87.189,,,,,,
生理女,24,學生,"10,000元以下",未婚,處女座,桃園市,居家生活,瀏覽商品頁面,半個月內,501～1000 元,18:01~21:00,1~2 小時（含）,方便,2021-06-06T04:08:38.000000Z,316,2001:b011:5c0a:1b89:7141:64a5:3b33:56ca,,,,,,
生理女,22,學生,"10,000元以下",未婚,雙子座,台北市,女生衣著,瀏覽商品頁面,半個月～一個月,501～1000 元,21:01~00:00,1 小時（含）以下,省錢,2021-06-06T04:23:17.000000Z,148,123.193.68.237,,,,,,
生理女,23,學生,"10,000元以下",單身,天秤座,台北市,女生衣著,加入購物車,一個月～三個月,501～1000 元,21:01~00:00,1 小時（含）以下,省時,2021-06-06T05:25:56.000000Z,82,2001:b400:e2a7:5b5f:8a6f:fa79:99a9:3a79,,,,,,
生理男,26,文教機關,"40,001～50,000元",未婚,牧羊座,桃園市,居家生活,瀏覽商品頁面,一個月～三個月,501～1000 元,18:01~21:00,1 小時（含）以下,方便,2021-06-06T06:34:33.000000Z,122,2401:e180:8813:5018:e075:41b3:2d20:677b,,,,,,
生理男,51,一般商業,"100,001元以上",已婚,金牛座,桃園市,手機平板與周邊,加入購物車,一個月～三個月,500 元（含）以下,18:01~21:00,1 小時（含）以下,方便,2021-06-06T08:42:03.000000Z,112,123.192.216.104,,,,,,
生理男,23,學生,"10,000元以下",未婚,水瓶座,桃園市,男生衣著,瀏覽商品頁面,半個月～一個月,1001～2000 元,18:01~21:00,1 小時（含）以下,省錢,2021-06-06T10:24:07.000000Z,143,49.216.248.191,,,,,,
生理男,23,文教機關,"20,001～30,000元",未婚,牧羊座,新竹市,男生衣著,愛心按讚好物,半個月內,501～1000 元,21:01~00:00,1 小時（含）以下,介面操作簡單、好上手,2021-06-06T11:06:55.000000Z,89,2001:b400:e307:2c9e:f9ce:ce1:2849:ce2c,,,,,,
生理女,18,學生,無收入,單身,金牛座,宜蘭縣,書籍及文創商品,瀏覽商品頁面,一個月～三個月,501～1000 元,21:01~00:00,1 小時（含）以下,方便,2021-06-06T11:13:24.000000Z,67,111.71.135.27,,,,,,
生理女,51,服務業,"100,001元以上",已婚,天秤座,桃園市,居家生活,瀏覽商品頁面,六個月～一年,501～1000 元,09:01~12:00,1 小時（含）以下,方便,2021-06-06T13:01:52.000000Z,1181,123.192.216.104,,,,,,
生理男,23,待業中,無收入,單身,雙魚座,彰化縣,手機平板與周邊,瀏覽商品頁面,半個月～一個月,500 元（含）以下,21:01~00:00,1 小時（含）以下,省時,2021-06-06T13:59:12.000000Z,84,61.224.79.102,,,,,,
生理女,50,一般商業,"30,001～40,000元",離婚,摩羯座,桃園市,寵物,瀏覽商品頁面,三個月～六個月,501～1000 元,18:01~21:00,1 小時（含）以下,省錢,2021-06-06T14:03:41.000000Z,124,123.192.176.22,,,,,,
生理男,22,待業中,無收入,單身,處女座,桃園市,戶外與運動用品,瀏覽商品頁面,一個月～三個月,1001～2000 元,21:01~00:00,1 小時（含）以下,介面操作簡單、好上手,2021-06-06T14:10:49.000000Z,64,2001:b400:e2d0:96b1:f5db:d267:4075:f29f,,,,,,
生理男,25,學生,"10,001～20,000元",單身,雙魚座,新北市,男生衣著,瀏覽商品頁面,半個月～一個月,1001～2000 元,21:01~00:00,1 小時（含）以下,方便,2021-06-06T14:14:50.000000Z,169,2001:b400:e4a8:7b4c:7930:ff34:5839:a34e,,,,,,
生理男,24,學生,"10,001～20,000元",單身,射手座,新竹縣,娛樂、收藏,瀏覽商品頁面,半個月～一個月,500 元（含）以下,18:01~21:00,1 小時（含）以下,方便,2021-06-06T14:37:17.000000Z,65,180.217.28.116,,,,,,
生理男,23,醫療保健業,"30,001～40,000元",未婚,雙魚座,桃園市,手機平板與周邊,瀏覽商品頁面,一個月～三個月,501～1000 元,15:01~18:00,1 小時（含）以下,方便,2021-06-06T15:08:57.000000Z,153,2001:b400:e38b:ff03:7cdb:9a5c:ae2:ee1e,,,,,,
生理女,23,娛樂業,"30,001～40,000元",單身,天蠍座,桃園市,美妝保健,愛心按讚好物,半個月內,501～1000 元,18:01~21:00,1 小時（含）以下,方便,2021-06-06T15:59:26.000000Z,59,211.23.203.148,,,,,,
生理女,24,一般商業,"20,001～30,000元",單身,金牛座,新北市,居家生活,瀏覽商品頁面,半個月內,500 元（含）以下,21:01~00:00,1 小時（含）以下,介面操作簡單、好上手,2021-06-06T16:10:20.000000Z,75,2402:7500:4d0:3f49:cc0b:5c97:bc3c:3af3,,,,,,
生理男,23,待業中,無收入,單身,雙魚座,台北市,3C與筆電,瀏覽商品頁面,三個月～六個月,2001～3000 元,09:01~12:00,1 小時（含）以下,方便,2021-06-06T16:10:21.000000Z,64,180.176.14.212,,,,,,
生理女,25,娛樂業,"30,001～40,000元",單身,水瓶座,台北市,寵物,愛心按讚好物,半個月～一個月,500 元（含）以下,18:01~21:00,1~2 小時（含）,省錢,2021-06-06T16:35:19.000000Z,62,2402:7500:5dc:5784:9ca:3973:44e:ddb1,,,,,,
生理女,20,學生,"10,000元以下",未婚,巨蟹座,新北市,美妝保健,瀏覽商品頁面,三個月～六個月,501～1000 元,21:01~00:00,1 小時（含）以下,省錢,2021-06-06T16:52:58.000000Z,116,101.12.46.177,,,,,,
生理女,22,學生,無收入,單身,巨蟹座,台北市,美食、伴手禮,瀏覽商品頁面,半個月～一個月,500 元（含）以下,18:01~21:00,1 小時（含）以下,介面操作簡單、好上手,2021-06-06T16:53:10.000000Z,77,180.176.0.2,,,,,,
生理男,23,製造業,"30,001～40,000元",單身,牧羊座,台北市,美食、伴手禮,瀏覽商品頁面,一個月～三個月,501～1000 元,09:01~12:00,1 小時（含）以下,方便,2021-06-06T17:02:03.000000Z,101,61.57.126.71,,,,,,
生理女,45,製造業,"50,001～60,000元",單身,巨蟹座,桃園市,居家生活,直接購買,六個月～一年,1001～2000 元,21:01~00:00,1 小時（含）以下,方便,2021-06-06T19:30:19.000000Z,218,123.192.178.137,,,,,,
生理男,23,製造業,"30,001～40,000元",單身,牧羊座,桃園市,美食、伴手禮,瀏覽商品頁面,一個月～三個月,500 元（含）以下,15:01~18:00,1 小時（含）以下,省時,2021-06-06T23:01:43.000000Z,277,2001:b400:e356:11e5:b911:e34d:98ad:10fd,,,,,,
生理男,23,軍人,"30,001～40,000元",未婚,射手座,新竹市,汽車零件百貨,瀏覽商品頁面,半個月內,1001～2000 元,18:01~21:00,1 小時（含）以下,方便,2021-06-06T23:52:15.000000Z,96,2402:7500:4d0:6f1b:8dc2:8dc1:8550:3d2e,,,,,,
生理女,23,學生,"10,000元以下",單身,水瓶座,桃園市,女生衣著,瀏覽商品頁面,一個月～三個月,501～1000 元,18:01~21:00,1 小時（含）以下,省時,2021-06-07T02:11:22.000000Z,78,2401:e180:8874:7a0:713a:7a74:74e5:19ec,,,,,,
生理女,28,餐旅業,"20,001～30,000元",單身,天蠍座,台南市,美妝保健,愛心按讚好物,半個月內,501～1000 元,21:01~00:00,1~2 小時（含）,介面操作簡單、好上手,2021-06-07T04:41:33.000000Z,82,2001:b400:e78e:ed31:5876:654b:1cab:350a,,,,,,
生理女,23,文教機關,"20,001～30,000元",單身,巨蟹座,台南市,其他,瀏覽商品頁面,一個月～三個月,501～1000 元,00:01~03:00,1~2 小時（含）,省錢,2021-06-07T06:18:28.000000Z,82,2402:7500:a3c:3eb6:f0d0:82b6:4f26:e2d3,,,,,,
生理女,51,建築工程業,"30,001～40,000元",已婚,天蠍座,桃園市,居家生活,瀏覽商品頁面,一個月～三個月,1001～2000 元,15:01~18:00,1 小時（含）以下,方便,2021-06-07T07:04:39.000000Z,108,118.165.63.122,,,,,,
生理男,50,一般商業,"40,001～50,000元",已婚,處女座,桃園市,其他,瀏覽商品頁面,半個月～一個月,500 元（含）以下,18:01~21:00,1 小時（含）以下,方便,2021-06-07T07:08:39.000000Z,101,123.192.176.22,,,,,,
生理男,23,待業中,無收入,單身,雙子座,台北市,居家生活,瀏覽商品頁面,一個月～三個月,501～1000 元,21:01~00:00,1 小時（含）以下,方便,2021-06-07T07:20:04.000000Z,56,2402:7500:47f:4a56:f0b7:cdee:1328:74cb,,,,,,
生理男,25,製造業,"30,001～40,000元",單身,牧羊座,台中市,居家生活,愛心按讚好物,半個月～一個月,501～1000 元,09:01~12:00,1 小時（含）以下,方便,2021-06-07T10:01:36.000000Z,77,125.227.198.48,,,,,,
生理女,28,一般商業,"20,001～30,000元",未婚,天蠍座,台中市,美妝保健,瀏覽商品頁面,半個月內,500 元（含）以下,21:01~00:00,1 小時（含）以下,省錢,2021-06-07T14:57:02.000000Z,21627,122.118.60.194,,,,,,
生理男,23,一般商業,"30,001～40,000元",單身,射手座,桃園市,3C與筆電,加入購物車,一個月～三個月,500 元（含）以下,21:01~00:00,1 小時（含）以下,方便,2021-06-07T16:51:00.000000Z,87,2001:b400:e385:b50f:80d:41fd:c537:36f8,,,,,,
生理男,26,學生,"10,001～20,000元",單身,金牛座,新北市,男生衣著,瀏覽商品頁面,一個月～三個月,501～1000 元,00:01~03:00,1 小時（含）以下,介面操作簡單、好上手,2021-06-07T16:51:40.000000Z,72,2001:b400:e27a:4843:9411:8ce6:522a:c9c0,,,,,,
生理女,23,學生,"10,000元以下",單身,處女座,新北市,居家生活,瀏覽商品頁面,半個月～一個月,500 元（含）以下,21:01~00:00,1 小時（含）以下,省錢,2021-06-07T16:52:33.000000Z,106,114.32.134.82,,,,,,
生理男,24,學生,"20,001～30,000元",單身,射手座,高雄市,居家生活,直接購買,半個月內,501～1000 元,21:01~00:00,1 小時（含）以下,方便,2021-06-07T16:59:17.000000Z,76,2001:b400:e7d3:d931:1c7a:f8c4:20d:af09,,,,,,
生理女,27,學生,無收入,未婚,天秤座,新北市,女生衣著,瀏覽商品頁面,一個月～三個月,501～1000 元,00:01~03:00,1 小時（含）以下,介面操作簡單、好上手,2021-06-07T17:37:27.000000Z,80,2001:b400:e263:8625:95e9:c2eb:9836:1332,,,,,,
生理男,27,學生,"10,001～20,000元",單身,水瓶座,台北市,服務、票券,瀏覽商品頁面,半個月內,500 元（含）以下,00:01~03:00,1 小時（含）以下,介面操作簡單、好上手,2021-06-07T18:04:22.000000Z,87,123.193.35.117,,,,,,
生理男,22,學生,"10,001～20,000元",單身,牧羊座,台北市,居家生活,加入購物車,一個月～三個月,501～1000 元,18:01~21:00,1 小時（含）以下,介面操作簡單、好上手,2021-06-08T00:40:31.000000Z,148,2001:b011:1003:307d:71f1:9ffa:e72c:e491,,,,,,
生理女,26,一般商業,"40,001～50,000元",未婚,雙子座,台北市,美妝保健,加入購物車,一個月～三個月,1001～2000 元,18:01~21:00,1 小時（含）以下,省錢,2021-06-08T01:13:42.000000Z,167,114.27.170.127,,,,,,
生理女,24,學生,"10,001～20,000元",未婚,天秤座,桃園市,女生衣著,瀏覽商品頁面,一星期內,501～1000 元,18:01~21:00,1 小時（含）以下,介面操作簡單、好上手,2021-06-08T01:15:06.000000Z,74,123.0.233.193,,,,,,
生理女,24,學生,"10,001～20,000元",單身,牧羊座,桃園市,美妝保健,瀏覽商品頁面,半個月內,2001～3000 元,00:01~03:00,1 小時（含）以下,省錢,2021-06-08T04:46:20.000000Z,56,2402:7500:4d5:2efa:e958:99b1:e9:4398,,,,,,
生理女,24,學生,"10,001～20,000元",未婚,水瓶座,新北市,女生衣著,瀏覽商品頁面,半個月內,501～1000 元,21:01~00:00,1 小時（含）以下,方便,2021-06-08T05:22:01.000000Z,64,2402:7500:46c:91af:30ca:b34a:9c9d:a45a,,,,,,
生理女,20,學生,無收入,單身,巨蟹座,台北市,女生衣著,瀏覽商品頁面,一星期內,1001～2000 元,21:01~00:00,1 小時（含）以下,介面操作簡單、好上手,2021-06-08T12:46:59.000000Z,117,118.169.37.48,,,,,,
生理男,29,學生,無收入,未婚,雙魚座,台北市,手機平板與周邊,瀏覽商品頁面,三個月～六個月,501～1000 元,15:01~18:00,1 小時（含）以下,省錢,2021-06-08T16:03:55.000000Z,122,2402:7500:56e:5773:6d71:d680:a754:837a,,,,,,
生理女,21,學生,"10,000元以下",單身,雙子座,新北市,美妝保健,瀏覽商品頁面,半個月～一個月,501～1000 元,00:01~03:00,1 小時（含）以下,方便,2021-06-08T18:40:59.000000Z,75,150.117.16.219,,,,,,